File Name,Status,OCR Result,YOLO Detection Confidence
20457219_jpg.rf.3723e3d8d8e4bd477f965d5f1a8945f9.jpg,SUCCESS,RDGABN1964PQ03-20,0.9256
20457219_jpg.rf.4428c3ab80400a6f509a0a97d40e649e.jpg,SUCCESS,BN1964PQ02-20,0.9425
20457219_jpg.rf.fe5983bf46ddf305cbc6f4f9e792a0e9.jpg,SUCCESS,POZ-C0,0.9431
20458181_jpg.rf.2f3e0ddb56e20bd1e738812a43a715fc.jpg,SUCCESS,7808.FG-08-20,0.8972
20458181_jpg.rf.6c406d8eaaed671ce92cc4a1dee67143.jpg,SUCCESS,H7808FG08-20,0.9036
20458181_jpg.rf.ac98705e3218d31106b0e8d506b77bf3.jpg,SUCCESS,7808F08-20,0.9042
20462545_jpg.rf.9dd4ea0fb3441c502a779d53d75b3260.jpg,READ_FAILED_AFTER_DETECTION,N/A,N/A
20462545_jpg.rf.c0ca38c2a0f1f9d9c1b12209d6437af7.jpg,SUCCESS,3280TONAMENGEMBARA,0.9230
20462545_jpg.rf.fd37fafa204e1c0aa1540226c68ad367.jpg,READ_FAILED_AFTER_DETECTION,N/A,N/A
20462574_jpg.rf.2e466c5c108b0dd51384993e8d441b73.jpg,SUCCESS,WA22W-TS,0.8846
20462574_jpg.rf.827b5f4e88156e7541991c67e321097a.jpg,SUCCESS,03.1122,0.8923
20462574_jpg.rf.f1af32872375dcad05f1a6a3336b91ce.jpg,SUCCESS,55RN03-23,0.9000
20993740_jpg.rf.2558058589c4a07f3f3bfebf95ab221d.jpg,SUCCESS,18081EL,0.8800
20993740_jpg.rf.ac6d743ac2c9c773b7ade0d3ea0f02f8.jpg,SUCCESS,TA08155-51,0.9010
20993740_jpg.rf.b4217f36642db20d47601afcc78e8cfb.jpg,SUCCESS,A30818,0.8972
20993740_jpg.rf.bb806150f6abc51d7ec0e2a3b6f3943b.jpg,SUCCESS,TA081S5-11,0.8900
20993740_jpg.rf.d8b99ef19c36977bfc26f8f8376d66da.jpg,SUCCESS,1806RF12-22,0.8946
20993740_jpg.rf.dd58ff06cdbc4961a60a0e6c0706bc3b.jpg,SUCCESS,1800BE,0.8963
21192004_jpg.rf.2ebab51bccc6871ca1f53b75eba9d0b4.jpg,SUCCESS,EEEEEMCECIS070,0.9269
21192004_jpg.rf.5e4e3b03d805aa2cf5f4bb201100c295.jpg,SUCCESS,SISECEGS,0.8696
21192004_jpg.rf.619bfa561165a5c08253ac926d74fd75.jpg,SUCCESS,LKSWAGEN153505122,0.9513
21192004_jpg.rf.7c6c1fe96deb63cb26f738cd97a246b4.jpg,SUCCESS,KEMACENCECI28120,0.9183
21192004_jpg.rf.91416fd02f1b0b897b21a01040cbe263.jpg,SUCCESS,KAMACEM123225120,0.9258
21192004_jpg.rf.9363a53e452134e9209bdebf0305540e.jpg,SUCCESS,923T1232,0.8859
21192004_jpg.rf.b11222ccfe48f80467fc12765ac1ae66.jpg,SUCCESS,TEEEEECECIS020,0.9388
21192004_jpg.rf.bf049747d278f176c7c254ce7b89e8ff.jpg,SUCCESS,REEEEEN12325070,0.9237
21192004_jpg.rf.e72194dc684a60027848c354e8e8ee82.jpg,SUCCESS,CECI1070,0.9119
21303104_jpg.rf.04aba8b4d3edb05e1cb02d1f39ac29b9.jpg,SUCCESS,BEB,0.9506
21303104_jpg.rf.4b5250ca031ed3d110ca188639f8dacc.jpg,SUCCESS,82-00FA.9711.N,0.8795
21303104_jpg.rf.9560a981d6f9e1566d8efcba839adfc2.jpg,SUCCESS,DA.9711.N820-24,0.8817
21303104_jpg.rf.9b56e4dc707c0c6eee97d0ae64b3ff44.jpg,SUCCESS,BN1146'VP00-26,0.8858
21303104_jpg.rf.cce6c59a197277cd142f39853a40df32.jpg,SUCCESS,82-00MA.9711.ND,0.8797
21303104_jpg.rf.f3fff8c6aabb644f80d37f308ffa7ac1.jpg,SUCCESS,BM.JITE.A,0.8855
21303108_jpg.rf.57bb6136b1266a863f41c889b1343337.jpg,SUCCESS,AL.L178.NB,0.8905
21303108_jpg.rf.c44810a669d18b3ba417673cb6ea45da.jpg,SUCCESS,AL.L178.N8,0.9108
21303108_jpg.rf.da14ed81c9e4b7d6364a0580dc6337ef.jpg,SUCCESS,BN'8417'TY38-18,0.8872
21303113_jpg.rf.1f5b603ad5fa22ff1b46effbe10ad803.jpg,SUCCESS,BM18291801-23,0.9190
21303113_jpg.rf.68bbc3220ad90e6447a27dbf106471d6.jpg,SUCCESS,BN1854T0,0.9192
21303113_jpg.rf.75cd184b680ae453e708daa6337705bd.jpg,SUCCESS,BN1854T802-23,0.8876
21303113_jpg.rf.7991f83da334a3ea33f3edc356c7eaf5.jpg,SUCCESS,8TJCBTW8E5-1S,0.9221
21303113_jpg.rf.79db8c996e813b25217c80ac58de3af8.jpg,SUCCESS,BM182918,0.9201
21303113_jpg.rf.9f7d49d4cce066e63ebdb12be5092a96.jpg,SUCCESS,BN1854TO02-23,0.9082
21303116_jpg.rf.17b7c29db350c58b398bc3e1ec864945.jpg,SUCCESS,TIG3FROB1726PVA07-04,0.9313
21303116_jpg.rf.539e36a7b9c10d830142455f954e8f0c.jpg,SUCCESS,1726PVA07-24,0.9061
21303116_jpg.rf.61433e1e071499b36784a7976784e73b.jpg,SUCCESS,SEBA22-5T,0.8898
21303116_jpg.rf.7debb5b29c628f2bdf916417844508fa.jpg,SUCCESS,B1726PVA,0.8843
21303116_jpg.rf.8713c4941abc089837eaaf9ccea871ae.jpg,SUCCESS,B1726PVA07-74,0.8791
21303116_jpg.rf.8e89078ccc28e7a1ff91fd1713761290.jpg,SUCCESS,B1726PVA,0.9524
21303116_jpg.rf.b4403af5c0df692ffa720bcec1fee0c9.jpg,SUCCESS,B1726PVA07-24,0.9001
21303116_jpg.rf.ccf562a18d012768fdb3ed7438a6400d.jpg,SUCCESS,BISEBAY0A-S1,0.8835
21303120_jpg.rf.6afbfdc024eb047d4a7cb5de9f192d4a.jpg,SUCCESS,BN1402PP10-24,0.8868
21303120_jpg.rf.a266a2d9306b6078dbd198e0a95ccc95.jpg,SUCCESS,BMJOSBBAD-0I,0.8754
21303120_jpg.rf.b5c2863505238e9ed25722247c70e92f.jpg,SUCCESS,BMJTOSBB,0.9234
21303126_jpg.rf.128020c2c8d0bacd011102491da92929.jpg,SUCCESS,BN1703AM13-20,0.8929
21303126_jpg.rf.68de5a7c64959164fa9e7118cf45caf8.jpg,SUCCESS,BN1703AM12-25,0.9002
21303126_jpg.rf.7d2d062dc8effdb951916827f2054e27.jpg,SUCCESS,BMJJ03MW18-52,0.8915
21303126_jpg.rf.ac4623f50b75ac0d2bfe8779b1d2b22b.jpg,SUCCESS,BN1703AM11-21,0.9003
21303126_jpg.rf.c73916e473c0b878d67358451c1676d9.jpg,SUCCESS,BN1703AM11-22,0.8987
21303126_jpg.rf.c85ff643a16dd483770aef81462143da.jpg,SUCCESS,BMJJ03WW,0.8922
21303133_jpg.rf.06379657164577a7bd425a790cf7d470.jpg,SUCCESS,MV7E01N8L8-50,0.8973
21303133_jpg.rf.3320d4a21ba2674694188deee41c6517.jpg,SUCCESS,17-50MV7001N8,0.8885
21303133_jpg.rf.6e3aae43479938c8ed3075636cc30611.jpg,SUCCESS,BM1030VM08-10,0.8959
21303133_jpg.rf.8ed23a2f3e0faf457fc44f4776c26691.jpg,SUCCESS,LX-S0MV7801N8,0.8926
21303133_jpg.rf.a797a71d8e3f4858c0e5ad80099050fd.jpg,SUCCESS,LT-90MV7E01N8,0.8918
21303133_jpg.rf.ce51f84b79bccd044aeb00d4a4f11b8d.jpg,SUCCESS,BMJ03TM22-11,0.9048
21303143_jpg.rf.2de51cd93c9fe9dabd0b029d34833adf.jpg,SUCCESS,BVAAM815-51,0.9154
21303143_jpg.rf.9ec27b37c1502260b81c61c6d7eb69ca.jpg,SUCCESS,BN163012-22,0.9268
21303143_jpg.rf.adca3c15229944bac1a0f454a37a762f.jpg,SUCCESS,BN1630VB12-2348E,0.9410
21303143_jpg.rf.c3605ee519a0d034114dce510f95338e.jpg,SUCCESS,BWJE30AB15-33,0.9222
21303143_jpg.rf.defff5502f707512c19411aeab34e51c.jpg,SUCCESS,BWJE30AB19-33,0.8903
21310904_jpg.rf.01c01e43411b8f9c2d11b4c98aba6a07.jpg,SUCCESS,J8DE14-11,0.8825
21310904_jpg.rf.1aad92f7a647a65345371e0439b03d67.jpg,SUCCESS,070781195-51,0.8807
21310904_jpg.rf.3f45ec9ebcc8c3d9efc61c72e4cdbabb.jpg,SUCCESS,97018T185-01,0.8934
21310904_jpg.rf.5c69fc9dc2fd3756d0970bd8f9b47c50.jpg,SUCCESS,1787DFD,0.8814
21310904_jpg.rf.8ca8b6575fa92063d630ac097630f611.jpg,SUCCESS,070185115-51,0.8704
21310904_jpg.rf.f0381358ddd29e1494d9477ac766aa38.jpg,SUCCESS,070181711-14,0.9021
21310904_jpg.rf.f4594024a93a1b0eaa896a0fb9afa2db.jpg,SUCCESS,JRI110-34DED,0.9062
21310930_jpg.rf.b595ed445e768e4f54a0d5ebbda29441.jpg,SUCCESS,1961TS04-0,0.9534
21310931_jpg.rf.11367acc06787e08d59a7b90d1356f19.jpg,READ_FAILED_AFTER_DETECTION,N/A,N/A
21310931_jpg.rf.47ce98e2dda89885ade9dbd48c23c7c2.jpg,READ_FAILED_AFTER_DETECTION,N/A,N/A
21310932_jpg.rf.857b05959616ca8a89b028b0a21c9db0.jpg,SUCCESS,TRT2886172,0.8862
21310949_jpg.rf.a35a5039b66968ef26c45cae0c7582cd.jpg,SUCCESS,M928A11,0.8808
21322220_jpg.rf.a8c3e5cda1accfcf4282dcf5d8d7c54f.jpg,SUCCESS,7H060E,0.8775
21343731_jpg.rf.ea918a087670ec103357f7e73cc782c1.jpg,SUCCESS,103803-30,0.8941
21344268_jpg.rf.57c44a92a03646e97123b7bfe33ba594.jpg,SUCCESS,1030NZQR12·26,0.9600
21351201_jpg.rf.d0ec97fb33b9a71cfcdc712d8b20c583.jpg,SUCCESS,B1044ENS,0.8855
21359291_jpg.rf.2301e7a8f706e1c9fc2ab0ded6402e0a.jpg,SUCCESS,B1955T8012-2,0.8958
21362445_jpg.rf.8b78d9f413bd7642929a1bb233560b45.jpg,SUCCESS,B1616ABS1127,0.9023
21368353_jpg.rf.ac4c14b5cbf6845ec6b8fd27825a6a8d.jpg,SUCCESS,202CCC03-23,0.8993
21426615_jpg.rf.d7edce50b2d70f8aa39f35350924f6f6.jpg,SUCCESS,B2413SJI,0.9186
21599636_jpg.rf.d50ff9036435cdd60ae028722a668327.jpg,SUCCESS,B1247MBJB2074STM02.26,0.9623
21604022_jpg.rf.223473438db77b2bc507cc7af2c7037d.jpg,SUCCESS,BE,0.9668
agya20_jpg.rf.e92c54bf750477fc579993a2fc72985a.jpg,SUCCESS,DJ-P010T01,0.9150
agya4_jpg.rf.3dab2d72c8fd12b45d14f253fb05c562.jpg,SUCCESS,DK1251BCE130,0.9204
fortuner35_jpg.rf.6fe0f97dbe4a9d4e42ed521c19ef12d4.jpg,SUCCESS,18-80B1229KJH,0.9483
hitam_17_jpg.rf.285865ac59056e7628ab9e1a6e8e9dcf.jpg,SUCCESS,IS8LSULUNDIGYW8801KBCS-30,0.9451
hitam_34_jpg.rf.764ebf66028eb13a8bca7f01eecf5e92.jpg,SUCCESS,BP71HES,0.9076
IMG_5416_JPG_jpg.rf.a632ad9d7ec8173c82d652b14ed26736.jpg,SUCCESS,ESOE8AO1,0.8959
IMG_5436_JPG_jpg.rf.3c1f4c3bb98ad03fe3ab0f984b45659c.jpg,SUCCESS,02.30A06637AB,0.9222
IMG_5436_JPG_jpg.rf.d96cd29e62ebbb5fc10e337ef0247f4e.jpg,SUCCESS,8AEEESOA03-52,0.9141
IMG_5436_JPG_jpg.rf.f6fc0972d05c623c444c797ffc8922c7.jpg,SUCCESS,A06637AB92-20,0.9296
IMG_5437_JPG_jpg.rf.071c7584632b737dc665740ed8c74cfd.jpg,SUCCESS,20OSOS0AASIO,0.8784
IMG_5437_JPG_jpg.rf.1c694feb0406e0adf2618d71dea505c7.jpg,SUCCESS,01·24AD2020DS,0.8792
IMG_5437_JPG_jpg.rf.506045eea0b660010568ed5834642d18.jpg,SUCCESS,01·24AD2020DS,0.8786
IMG_5437_JPG_jpg.rf.54f3bc1290339dcf8cff2597cf761aed.jpg,SUCCESS,71.20AD2020DS,0.8938
IMG_5437_JPG_jpg.rf.7e2b8f5085f3a7edef54de8a21758b15.jpg,SUCCESS,71.10AD2020DS,0.8851
IMG_5437_JPG_jpg.rf.876dfce24a94f796b887211881b20bf3.jpg,SUCCESS,20OSOOA,0.8843
IMG_5437_JPG_jpg.rf.f6e5d62417ad251dd352c12acca2e14c.jpg,SUCCESS,20O50OA,0.8897
IMG_5437_JPG_jpg.rf.fb9a37f32a9e29fd1d0d0ef0f67fd292.jpg,SUCCESS,20O0SOAAS,0.8986
IMG_5438_JPG_jpg.rf.08296310bcdc4ad74cb7df8e3f7840b6.jpg,SUCCESS,06·2AA2047KV,0.8944
IMG_5438_JPG_jpg.rf.3b15b86a7b57c031c5af461876608ac9.jpg,SUCCESS,AA-204706·2,0.8963
IMG_5438_JPG_jpg.rf.414d606481aebdbd108b5dbfb6d24946.jpg,SUCCESS,TJOSAAVXRS.A0,0.8919
IMG_5438_JPG_jpg.rf.fdc7e0426da3fea6a2d79f03cb065eac.jpg,SUCCESS,06·2AA-2047KV,0.8985
IMG_5439_JPG_jpg.rf.3db9093e140eff2338ff572689989892.jpg,SUCCESS,EOSSRASATHREL,0.9135
IMG_5439_JPG_jpg.rf.8351a6547fa30a0f1d73a527eb35952f.jpg,SUCCESS,EOSSRA8ACMHNEU,0.9041
IMG_5439_JPG_jpg.rf.919a5cbb3ba73538100ac3cc60b4c6fe.jpg,SUCCESS,2260C.4989ISNE,0.9046
IMG_5439_JPG_jpg.rf.aa041990eb9f90c76fdb21eb4d0fdcc8.jpg,SUCCESS,OASSCRA8A,0.9154
IMG_5439_JPG_jpg.rf.ec5b1cd60204c1ea3c32507938108cb8.jpg,SUCCESS,OAS5E8EAJ,0.9077
IMG_5439_JPG_jpg.rf.fce808b466d22de24393398b43f6d36e.jpg,SUCCESS,OAS5C'RA8ATHNEL,0.9025
IMG_5441_JPG_jpg.rf.014751f44fccd4fa161d6f893113c15c.jpg,SUCCESS,AB.6079NE12.00,0.9032
IMG_5441_JPG_jpg.rf.09479478ccc3ba519b141e65de6c3b9b.jpg,SUCCESS,BEOJAWE15.50,0.8982
IMG_5441_JPG_jpg.rf.35ca477517c63cb4a238bc2b72b818c0.jpg,SUCCESS,O5.S1NEROAA,0.8923
IMG_5441_JPG_jpg.rf.469c3b18abc0cd1933f30bcdc5d6f4b4.jpg,SUCCESS,AB.6079NE12.20,0.9019
IMG_5441_JPG_jpg.rf.79123d8fa5f681523d3e5b4d77adfe14.jpg,SUCCESS,OS.SIEMEROA8A,0.8951
IMG_5441_JPG_jpg.rf.7f2eb542cdb0ce576185e7e730c23279.jpg,SUCCESS,AB.6079NE12·20,0.9038
IMG_5442_JPG_jpg.rf.12c76b2622609775e68dfba831efeda2.jpg,SUCCESS,KBI86623,0.8062
IMG_5442_JPG_jpg.rf.4dc24732ba6337d8f956232a8894c431.jpg,SUCCESS,B6623KBL,0.7738
IMG_5442_JPG_jpg.rf.57055472d9dbe8affaeabf5025bb9600.jpg,SUCCESS,8EES3K8R08,0.7968
IMG_5442_JPG_jpg.rf.bbe9c6eba16dc2bae25ebe161a0f9695.jpg,SUCCESS,623K81,0.8305
IMG_5442_JPG_jpg.rf.dcd60945b5bf80cc339d6eba69254841.jpg,SUCCESS,86623KBL,0.8278
IMG_5442_JPG_jpg.rf.e514e199ba29abf33032e6129aec502e.jpg,SUCCESS,BEES3KBR,0.7981
IMG_5443_JPG_jpg.rf.6719510c44d2d99d8190b0b211067bcd.jpg,SUCCESS,AAJ2TAC$5.80E00E,0.9112
IMG_5443_JPG_jpg.rf.a294625dba50c616e4a74697c18613ff.jpg,SUCCESS,$5.80J2TIEAAB,0.8913
IMG_5445_JPG_jpg.rf.319d3b3bbeaf5b55fda73c64feee21a4.jpg,SUCCESS,3306FAF,0.8492
IMG_5445_JPG_jpg.rf.47d17e4510c19333e478c2283e06c3de.jpg,SUCCESS,3306FAF,0.8879
IMG_5445_JPG_jpg.rf.6e95489f846e1242e9a7f10db9d0d42c.jpg,SUCCESS,3300EVE,0.8912
IMG_5445_JPG_jpg.rf.9212661bebbfc89bf7f395a16a6c726b.jpg,SUCCESS,08-20G3306FAF,0.8723
IMG_5445_JPG_jpg.rf.9c5f343d655a1630378f2b3750bf3c20.jpg,SUCCESS,3300EVE08-50,0.8636
IMG_5445_JPG_jpg.rf.a229e128524756bc7022664da79377b9.jpg,SUCCESS,C3300EVE08·510,0.8670
IMG_5445_JPG_jpg.rf.c30b1c1ba78afdaa8e65b261baf87810.jpg,SUCCESS,CEOEEEEO.S-80,0.8501
IMG_5445_JPG_jpg.rf.e36e325498e69b9b20388fe62b271c02.jpg,SUCCESS,BG3306FAF2,0.8785
IMG_5445_JPG_jpg.rf.f38609220d7060bb844882c31af2149b.jpg,SUCCESS,3300EVE,0.8743
IMG_5448_JPG_jpg.rf.1ba48a32bc9bd2008e0f6a58b87f3608.jpg,SUCCESS,AB5969TX,0.8662
IMG_5448_JPG_jpg.rf.2f55f48a4b968b4d8bd3a0484ccf976b.jpg,SUCCESS,AB5969TX,0.8865
IMG_5448_JPG_jpg.rf.4618adfc6eaaa4a536f20336fe89e997.jpg,SUCCESS,AB5969TX,0.8754
IMG_5448_JPG_jpg.rf.6acae9c21f8779a9d21a7f588bd1f447.jpg,SUCCESS,AB5969TX,0.8588
IMG_5448_JPG_jpg.rf.84a8bb7d240371453120477510ec5d72.jpg,SUCCESS,XTEAEAGAAS.8,0.8931
IMG_5448_JPG_jpg.rf.9763bf1a344140f15f0c59835dea6697.jpg,SUCCESS,0230AB5969TX,0.8631
IMG_5451_JPG_jpg.rf.10cb40964dacc83851c6a892201d639d.jpg,SUCCESS,03-55A00128A,0.8959
IMG_5451_JPG_jpg.rf.15d2717f308fac0edb2b40d635f9267f.jpg,SUCCESS,AB5190D,0.8962
IMG_5451_JPG_jpg.rf.2582b64d3021ed43b6c5dc1d4bff511b.jpg,SUCCESS,A700129A03-33,0.8746
IMG_5451_JPG_jpg.rf.32ba8c8937f8499d9c80e945446578f4.jpg,SUCCESS,AB5190FA0322,0.9027
IMG_5451_JPG_jpg.rf.343cc211264cdff70147723e4a46d593.jpg,SUCCESS,03-55A700128A,0.8906
IMG_5451_JPG_jpg.rf.3b331c2c1dca366c90aca81148409e63.jpg,SUCCESS,03·22AB5190FA,0.8918
IMG_5451_JPG_jpg.rf.3f08136cb8539c01d8fbfc4be36fe436.jpg,SUCCESS,AB5190FA903-22,0.9074
IMG_5451_JPG_jpg.rf.3f2e8e95748fad0d54abec058987c540.jpg,SUCCESS,AB5190FA03·22,0.8955
IMG_5451_JPG_jpg.rf.43d4246c47c689f8590d16c537181e98.jpg,SUCCESS,A00129A03-55,0.8959
IMG_5451_JPG_jpg.rf.7ca1660dfefd4c1ea2b0ea818c578e28.jpg,SUCCESS,A00128A,0.8856
IMG_5451_JPG_jpg.rf.86885a706c7c93b9ad72da6ccb981440.jpg,SUCCESS,AB519003-22,0.8972
IMG_5451_JPG_jpg.rf.b313a4ad3d13c8162698d149859c8a41.jpg,SUCCESS,AB5190FA0322,0.9039
IMG_5451_JPG_jpg.rf.d0c3f811a4c67e2e4e9c8c258f87379c.jpg,SUCCESS,A0012AA03-55,0.9075
IMG_5451_JPG_jpg.rf.ef517a594edc0e9f33bbcf1b6b76d164.jpg,SUCCESS,03·22AB5190FA,0.8973
IMG_5451_JPG_jpg.rf.fa73c96fed85fc8febe13e84dc53792b.jpg,SUCCESS,AB5190FA,0.9113
IMG_5453_JPG_jpg.rf.728c6a67f746569d3e9652a55dfa26e8.jpg,SUCCESS,BWE853AO0250,0.9047
IMG_5453_JPG_jpg.rf.94a7c517744973754eeea0c93709807a.jpg,SUCCESS,2410BM6823VO,0.9040
IMG_5453_JPG_jpg.rf.d5b17c1c7545b62290867389186caf3a.jpg,SUCCESS,BWE853AO0250,0.9028
IMG_5454_JPG_jpg.rf.4182925b98d2dd530262a6f2a5b99052.jpg,SUCCESS,C205594AS-30,0.9110
IMG_5454_JPG_jpg.rf.48de6dc6a98e40704a17330e36340c5b.jpg,SUCCESS,BE302K10SS.,0.9095
IMG_5454_JPG_jpg.rf.551b017857d5cdb77d91d1860e05815f.jpg,SUCCESS,2SS,0.8995
IMG_5454_JPG_jpg.rf.68ae2e9edc31ebccb21d08df0127912e.jpg,SUCCESS,C20559AJS-30,0.9087
IMG_5454_JPG_jpg.rf.94f3470c12cb8d80c6b9357b8533e3b1.jpg,SUCCESS,63050.22KY0,0.9033
IMG_5454_JPG_jpg.rf.b012f63be8cc73832cf3406914e19850.jpg,SUCCESS,9AC2.0211S-30,0.9168
IMG_5454_JPG_jpg.rf.e26fcaed7e0ecfc0121c77fe98f97d1c.jpg,SUCCESS,70.30AB4250SJ,0.9137
IMG_5454_JPG_jpg.rf.f9b7f79a77dcb32ed7b36f912ad04889.jpg,SUCCESS,6305KY00.22,0.9024
IMG_5455_JPG_jpg.rf.0255e80832aed01b550c80b9d7b498dd.jpg,SUCCESS,VBRRER07,0.8909
IMG_5455_JPG_jpg.rf.55293d0d5e7eb052f061fb0fe6b3168d.jpg,SUCCESS,VBRRERO7,0.8879
IMG_5455_JPG_jpg.rf.7dccbddcadb9b1f0ee2c8f9f317e3a83.jpg,SUCCESS,CO79778,0.8839
IMG_5455_JPG_jpg.rf.91bb817e135816f840e7830dd0ec3493.jpg,SUCCESS,ABRRER0710.30,0.8891
IMG_5455_JPG_jpg.rf.95d254eeb65abe3349ad5b72ffeb25d4.jpg,SUCCESS,AB4464QJ,0.8836
IMG_5455_JPG_jpg.rf.9d4ef3d128b8fe882747a47348f47133.jpg,SUCCESS,CO797780,0.8937
IMG_5455_JPG_jpg.rf.a65248b6e5f00f1b1dd70ad0b55f1a55.jpg,SUCCESS,MBRRER,0.8915
IMG_5455_JPG_jpg.rf.c9427de821fa4833f5d5809701398b45.jpg,SUCCESS,10.24AB4464QJ,0.8808
IMG_5455_JPG_jpg.rf.f6ab8acf8fc3b73046763f3bc3708823.jpg,SUCCESS,CO797780,0.8896
IMG_5456_JPG_jpg.rf.36a26b6ce3d4ee8da32df875d34447c3.jpg,SUCCESS,01.22AD6101BIE,0.8431
IMG_5456_JPG_jpg.rf.b63cd5f23ea3202628b76cac5369904b.jpg,SUCCESS,ADG101BIE01-23,0.8480
IMG_5457_JPG_jpg.rf.2d0bb6f541717ed815dd63b7cd0f5252.jpg,SUCCESS,AATO381E03-51,0.8765
IMG_5457_JPG_jpg.rf.4079cb06beb11392f8f3a6e7e7fdd77f.jpg,SUCCESS,TOA8IEAA0351,0.8787
IMG_5457_JPG_jpg.rf.64b75a35878f0a7f0f2d5070ed750fbe.jpg,SUCCESS,AA318E01IS00,0.8717
IMG_5457_JPG_jpg.rf.8d41b008b8a31b61831f0118fba57b28.jpg,SUCCESS,03-21AA3186DT,0.8791
IMG_5457_JPG_jpg.rf.c665bba68a35a7a6362bcdfcb75f9010.jpg,SUCCESS,03-21AA3186DT,0.8659
IMG_5457_JPG_jpg.rf.f00e92e1ee1c07332723eae6c2794ee6.jpg,SUCCESS,TOA81EAA03·51,0.8774
IMG_5457_JPG_jpg.rf.f93412b24f4fd196abd11346715d0ac2.jpg,SUCCESS,AAA3186DT0321,0.8578
IMG_5460_JPG_jpg.rf.00c83bd9946ba2cf9c94cb508527b116.jpg,SUCCESS,BM203296-25,0.8973
IMG_5460_JPG_jpg.rf.0e0003a3fa6a4111076c8b81fc3ca7a2.jpg,SUCCESS,BW503530-32,0.9081
IMG_5460_JPG_jpg.rf.3077991a80ba65961fe5be03e7770abf.jpg,SUCCESS,BM2032XP06-25,0.9012
IMG_5460_JPG_jpg.rf.48b4911ed7b87cc808143ce7f5d2c2f2.jpg,SUCCESS,BM203296-25,0.8836
IMG_5460_JPG_jpg.rf.67ac4dadb030ae543ee6a72e77dfe9e2.jpg,SUCCESS,BM2032XP96+25,0.8976
IMG_5460_JPG_jpg.rf.bc166c5fc87908518be72f77abc52d53.jpg,SUCCESS,BM2032XP06-25,0.8916
IMG_5463_JPG_jpg.rf.1a338e487aff1e61fb19b7434285e12e.jpg,SUCCESS,B3189SBK06-21,0.8821
IMG_5463_JPG_jpg.rf.aa4a2c2ac1249984c299dcf0248bbc42.jpg,SUCCESS,OE-51B31882BK,0.8989
IMG_5463_JPG_jpg.rf.c54be6741e99bb1a416809e34e647d79.jpg,SUCCESS,B31892BKOE.S,0.8962
IMG_5463_JPG_jpg.rf.cbc62791cebc92a33c377eabf3170b38.jpg,SUCCESS,DE-SI831882BK,0.8932
IMG_5463_JPG_jpg.rf.e701f550aa00c29ec93e128725d0fe98.jpg,SUCCESS,B3189SBK06-21,0.8920
IMG_5463_JPG_jpg.rf.ea5d4c77aca82b37d45685808ee41e89.jpg,SUCCESS,01.91B3189SBK,0.8942
IMG_5463_JPG_jpg.rf.f2e7d7fcbdad6bab385efed2e40a805b.jpg,SUCCESS,B31802BK,0.8991
IMG_5463_JPG_jpg.rf.fec17152e3033bbd074d6e5f67d443c6.jpg,SUCCESS,B3189SBK06-21,0.8957
IMG_5464_JPG_jpg.rf.1085fe2b5fc2feebdc46575d66e49bc4.jpg,SUCCESS,52TB5SSA,0.8986
IMG_5464_JPG_jpg.rf.2dfd102a72ee4bdcefa3c37e9a9e58f1.jpg,SUCCESS,AB2722SI02.25,0.8367
IMG_5464_JPG_jpg.rf.3e418fbeaefc8b8b22bab7727e0c9fdf.jpg,SUCCESS,AB2722SI02.25,0.8814
IMG_5493_JPG_jpg.rf.11232273b2ae3649fbc47f42ad60694a.jpg,READ_FAILED_AFTER_DETECTION,N/A,N/A
IMG_5493_JPG_jpg.rf.2b49146f3ab4727c66d0e7714110b6d9.jpg,READ_FAILED_AFTER_DETECTION,N/A,N/A
IMG_5493_JPG_jpg.rf.8efc8555e0b70291d20d8b2ffc0d765e.jpg,READ_FAILED_AFTER_DETECTION,N/A,N/A
IMG_5493_JPG_jpg.rf.9ff06f8e5d02cd177eb82ad7f0985286.jpg,READ_FAILED_AFTER_DETECTION,N/A,N/A
IMG_5493_JPG_jpg.rf.ad179d93295a5b86b20e193fd4c04289.jpg,READ_FAILED_AFTER_DETECTION,N/A,N/A
IMG_5493_JPG_jpg.rf.adc4f0c42d52b704a7d37784649f7432.jpg,READ_FAILED_AFTER_DETECTION,N/A,N/A
IMG_5493_JPG_jpg.rf.ba4f9341a6109a212063e9273517614a.jpg,READ_FAILED_AFTER_DETECTION,N/A,N/A
IMG_5493_JPG_jpg.rf.bec6be7255c6006cdf7a2eff579e44ce.jpg,READ_FAILED_AFTER_DETECTION,N/A,N/A
IMG_5493_JPG_jpg.rf.e697a1a0366f019485e047b2a025daaf.jpg,READ_FAILED_AFTER_DETECTION,N/A,N/A
jazz10_jpg.rf.0747dad2cda318549588fae0cfc622b9.jpg,SUCCESS,T01913DY,0.9451
jazz10_jpg.rf.6f00aa2acc1e250aba4b69836cd2d055.jpg,SUCCESS,DL1111DY,0.9521
jazz10_jpg.rf.84fe1f85d183d1d982fe41f6caa2002c.jpg,SUCCESS,701116DOPIL,0.9436
jazz10_jpg.rf.c00610d2a7f7789cd6b2299219cfc18e.jpg,SUCCESS,DK1913DL,0.9542
jazz10_jpg.rf.cd49dc500461a40f16e47af161d7e53c.jpg,SUCCESS,DKJA3DI(A),0.9511
jazz10_jpg.rf.ec59d1cbb2963552b5c19ae844160e13.jpg,SUCCESS,101913DR(N,0.9426
jazz11_jpg.rf.2319e4a96fd1858a4b0fa8fd619bd084.jpg,SUCCESS,DK·312·TV12-21,0.9018
jazz11_jpg.rf.2ca221bd1ff2ed7aa8fc70617524a36c.jpg,SUCCESS,VT·SIE·XO18-81,0.8943
jazz11_jpg.rf.488454ae8a550ca50833f08131b35f47.jpg,SUCCESS,DK·312·TV,0.9040
jazz11_jpg.rf.95e5978b8bb49d1b35e1a6aba8396d2f.jpg,SUCCESS,DK·312·TV12-21,0.9017
jazz11_jpg.rf.9ff6e7438cddf956ba08efa0f0ea4554.jpg,SUCCESS,DK·312TV12-21,0.8929
